{
  "num_images": 15,
  "num_detections": 186,
  "total_seconds": 89.91797757148743,
  "avg_seconds_per_image": 5.994531838099162
}