{
  "num_images": 15,
  "num_detections": 186,
  "total_seconds": 89.79370641708374,
  "avg_seconds_per_image": 5.986247094472249
}